{
  "model": "deepface",
  "track": "A",
  "run_id": "20260702T155121Z",
  "metrics": {
    "accuracy": 0.6,
    "macro_f1": 0.41428571428571426,
    "confusion_matrix": [
      [
        0,
        0,
        0,
        0,
        0,
        0,
        0
      ],
      [
        1,
        0,
        0,
        0,
        0,
        0,
        0
      ],
      [
        0,
        0,
        1,
        0,
        0,
        0,
        1
      ],
      [
        0,
        0,
        0,
        5,
        1,
        0,
        0
      ],
      [
        0,
        0,
        1,
        0,
        1,
        0,
        1
      ],
      [
        0,
        0,
        1,
        0,
        0,
        1,
        0
      ],
      [
        0,
        0,
        0,
        1,
        1,
        0,
        4
      ]
    ],
    "labels": [
      "angry",
      "disgust",
      "fear",
      "happy",
      "sad",
      "surprise",
      "neutral"
    ],
    "n": 20
  },
  "latency": {
    "n": 20,
    "median_ms": 6.263450000005832,
    "p95_ms": 7.158700000218232,
    "mean_ms": 49.74351000000752
  },
  "peak_vram_mb": 1163.0,
  "n_images": 20
}