{
  "model": "deepface",
  "track": "A",
  "run_id": "20260702T075730Z",
  "metrics": {
    "accuracy": 0.5625522429646141,
    "macro_f1": 0.5468175457588412,
    "confusion_matrix": [
      [
        406,
        10,
        138,
        77,
        166,
        22,
        139
      ],
      [
        31,
        48,
        13,
        3,
        10,
        0,
        6
      ],
      [
        93,
        3,
        423,
        61,
        208,
        83,
        153
      ],
      [
        50,
        3,
        86,
        1354,
        85,
        32,
        164
      ],
      [
        117,
        5,
        188,
        112,
        522,
        17,
        286
      ],
      [
        22,
        1,
        91,
        49,
        26,
        591,
        51
      ],
      [
        76,
        3,
        138,
        117,
        187,
        18,
        694
      ]
    ],
    "labels": [
      "angry",
      "disgust",
      "fear",
      "happy",
      "sad",
      "surprise",
      "neutral"
    ],
    "n": 7178
  },
  "latency": {
    "n": 7178,
    "median_ms": 8.119099999021273,
    "p95_ms": 10.76380000449717,
    "mean_ms": 8.408274407980207
  },
  "peak_vram_mb": 368.0,
  "n_images": 7178
}