{
  "model": "fer_lib",
  "track": "A",
  "run_id": "20260702T075451Z",
  "metrics": {
    "accuracy": 0.48955140707718026,
    "macro_f1": 0.4275449646455099,
    "confusion_matrix": [
      [
        460,
        1,
        38,
        58,
        199,
        38,
        164
      ],
      [
        47,
        12,
        2,
        10,
        26,
        4,
        10
      ],
      [
        210,
        4,
        131,
        73,
        302,
        122,
        182
      ],
      [
        138,
        1,
        17,
        1164,
        132,
        80,
        242
      ],
      [
        156,
        2,
        50,
        85,
        540,
        35,
        379
      ],
      [
        48,
        1,
        83,
        34,
        60,
        538,
        67
      ],
      [
        122,
        1,
        33,
        91,
        296,
        21,
        669
      ]
    ],
    "labels": [
      "angry",
      "disgust",
      "fear",
      "happy",
      "sad",
      "surprise",
      "neutral"
    ],
    "n": 7178
  },
  "latency": {
    "n": 7178,
    "median_ms": 0.6782999989809468,
    "p95_ms": 0.9673999884398654,
    "mean_ms": 0.7071421287774511
  },
  "peak_vram_mb": 342.0,
  "n_images": 7178
}