{
  "model": "fer_lib",
  "track": "A",
  "run_id": "20260702T155102Z",
  "metrics": {
    "accuracy": 0.5,
    "macro_f1": 0.37792207792207794,
    "confusion_matrix": [
      [
        0,
        0,
        0,
        0,
        0,
        0,
        0
      ],
      [
        0,
        0,
        0,
        0,
        1,
        0,
        0
      ],
      [
        1,
        0,
        0,
        0,
        1,
        0,
        0
      ],
      [
        2,
        0,
        0,
        3,
        0,
        0,
        1
      ],
      [
        0,
        0,
        0,
        0,
        2,
        0,
        1
      ],
      [
        0,
        0,
        0,
        0,
        0,
        2,
        0
      ],
      [
        1,
        0,
        0,
        1,
        1,
        0,
        3
      ]
    ],
    "labels": [
      "angry",
      "disgust",
      "fear",
      "happy",
      "sad",
      "surprise",
      "neutral"
    ],
    "n": 20
  },
  "latency": {
    "n": 20,
    "median_ms": 0.605399999585643,
    "p95_ms": 1.4747999994142447,
    "mean_ms": 1.6632949999802804
  },
  "peak_vram_mb": 1174.0,
  "n_images": 20
}