{
  "model": "fer_lib",
  "track": "A",
  "run_id": "20260703T023016Z",
  "latency": {
    "n": 50,
    "median_ms": 0.6123999996816565,
    "p95_ms": 1.0360999995100428,
    "mean_ms": 0.6593220000468136
  },
  "peak_vram_mb": 0.0,
  "n_images": 50,
  "license_id": "mit",
  "production_eligible": true,
  "metrics": {
    "accuracy": 0.48,
    "macro_f1": 0.37027968006228873,
    "confusion_matrix": [
      [
        1,
        0,
        1,
        1,
        1,
        0,
        0
      ],
      [
        0,
        0,
        0,
        0,
        1,
        0,
        0
      ],
      [
        2,
        0,
        0,
        1,
        3,
        0,
        1
      ],
      [
        2,
        0,
        0,
        7,
        0,
        0,
        2
      ],
      [
        0,
        0,
        0,
        0,
        3,
        0,
        1
      ],
      [
        1,
        0,
        0,
        0,
        0,
        6,
        0
      ],
      [
        2,
        0,
        0,
        3,
        4,
        0,
        7
      ]
    ],
    "labels": [
      "angry",
      "disgust",
      "fear",
      "happy",
      "sad",
      "surprise",
      "neutral"
    ],
    "n": 50
  }
}