{
  "model": "hsemotion",
  "track": "A",
  "run_id": "20260703T034649Z",
  "latency": {
    "n": 7178,
    "median_ms": 8.174800000233517,
    "p95_ms": 10.190200000579352,
    "mean_ms": 8.405794942889438
  },
  "peak_vram_mb": 0.0,
  "n_images": 7178,
  "license_id": "apache-2.0",
  "production_eligible": true,
  "metrics": {
    "accuracy": 0.5271663415993313,
    "macro_f1": 0.49899462442308407,
    "confusion_matrix": [
      [
        440,
        68,
        194,
        12,
        78,
        45,
        117
      ],
      [
        20,
        64,
        10,
        2,
        11,
        1,
        1
      ],
      [
        129,
        17,
        390,
        18,
        216,
        66,
        181
      ],
      [
        13,
        19,
        110,
        1312,
        33,
        124,
        105
      ],
      [
        156,
        21,
        144,
        24,
        540,
        24,
        324
      ],
      [
        14,
        2,
        421,
        18,
        9,
        362,
        5
      ],
      [
        103,
        8,
        86,
        58,
        169,
        68,
        676
      ]
    ],
    "labels": [
      "angry",
      "disgust",
      "fear",
      "happy",
      "sad",
      "surprise",
      "neutral"
    ],
    "n": 7178
  }
}