{
  "model": "hsemotion",
  "track": "A",
  "run_id": "20260703T023020Z",
  "latency": {
    "n": 50,
    "median_ms": 8.031499999560765,
    "p95_ms": 10.342199999286095,
    "mean_ms": 8.341466000110813
  },
  "peak_vram_mb": 0.0,
  "n_images": 50,
  "license_id": "apache-2.0",
  "production_eligible": true,
  "metrics": {
    "accuracy": 0.48,
    "macro_f1": 0.44568175096125406,
    "confusion_matrix": [
      [
        1,
        1,
        1,
        0,
        0,
        1,
        0
      ],
      [
        0,
        1,
        0,
        0,
        0,
        0,
        0
      ],
      [
        1,
        0,
        4,
        0,
        1,
        0,
        1
      ],
      [
        0,
        0,
        1,
        10,
        0,
        0,
        0
      ],
      [
        1,
        0,
        1,
        0,
        1,
        0,
        1
      ],
      [
        0,
        0,
        6,
        0,
        0,
        1,
        0
      ],
      [
        1,
        0,
        3,
        2,
        1,
        1,
        6
      ]
    ],
    "labels": [
      "angry",
      "disgust",
      "fear",
      "happy",
      "sad",
      "surprise",
      "neutral"
    ],
    "n": 50
  }
}