{
  "model": "pyfeat",
  "track": "A",
  "run_id": "20260702T170600Z",
  "metrics": {
    "accuracy": 0.48861194671250535,
    "macro_f1": 0.4270035209798881,
    "confusion_matrix": [
      [
        556,
        49,
        39,
        40,
        105,
        78,
        80
      ],
      [
        47,
        36,
        1,
        5,
        15,
        3,
        4
      ],
      [
        263,
        12,
        133,
        67,
        241,
        157,
        123
      ],
      [
        101,
        24,
        26,
        1272,
        67,
        171,
        72
      ],
      [
        296,
        20,
        36,
        58,
        461,
        91,
        212
      ],
      [
        99,
        4,
        166,
        45,
        22,
        441,
        37
      ],
      [
        234,
        12,
        21,
        94,
        217,
        116,
        512
      ]
    ],
    "labels": [
      "angry",
      "disgust",
      "fear",
      "happy",
      "sad",
      "surprise",
      "neutral"
    ],
    "n": 6981
  },
  "latency": {
    "n": 7178,
    "median_ms": 101.70055000025968,
    "p95_ms": 109.9848000003476,
    "mean_ms": 102.08205579548837
  },
  "peak_vram_mb": 932.27978515625,
  "n_images": 7178,
  "n_no_face_detected": 197
}