{
  "model": "pyfeat",
  "track": "A",
  "run_id": "20260702T170534Z",
  "metrics": {
    "accuracy": 0.5666666666666667,
    "macro_f1": 0.48860980289551714,
    "confusion_matrix": [
      [
        2,
        0,
        0,
        0,
        0,
        1,
        0
      ],
      [
        0,
        0,
        0,
        0,
        0,
        0,
        1
      ],
      [
        2,
        0,
        1,
        0,
        0,
        0,
        0
      ],
      [
        0,
        0,
        0,
        6,
        0,
        1,
        0
      ],
      [
        0,
        0,
        0,
        0,
        3,
        0,
        0
      ],
      [
        1,
        0,
        1,
        0,
        0,
        2,
        0
      ],
      [
        1,
        1,
        0,
        1,
        1,
        2,
        3
      ]
    ],
    "labels": [
      "angry",
      "disgust",
      "fear",
      "happy",
      "sad",
      "surprise",
      "neutral"
    ],
    "n": 30
  },
  "latency": {
    "n": 30,
    "median_ms": 105.22389999982806,
    "p95_ms": 240.18729999988864,
    "mean_ms": 150.24272333331888
  },
  "peak_vram_mb": 932.27978515625,
  "n_images": 30,
  "n_no_face_detected": 0
}